,,Họ và Tên:,Nguyễn Hùng Anh Nhã,,,Vị Trí: Lead MKT,,,,,,,,,,,
,,Khối: Văn Phòng,Văn phòng,,,Mã số NV: CK009,,,,,,,,,,,
,,Cấp trên Quản lý trực tiếp:,GĐKD,,,Ngày lập: 1/8/2026,,,,,,,,,,,
" KPI TRƯỜNG PHÒNG MARKETING
Tháng 7/2026",,,,,,,,,,,,,,,,,
STT,,MỤC TIÊU,,CHỈ TIÊU,ĐVT,CHỈ SỐ KPI,TRỌNG SỐ,"Cá Nhân
ĐÁNH GIÁ","QUẢN LÝ
ĐÁNH GIÁ",,,,,,,,
I,Khối lượng công việc,,,,,,90%,,,,,,,,,,
1,Công việc định kỳ,Lập kế hoạch Marketing theo tháng / tuần ,,  100 ,%,"• Tỷ lệ hoàn thành kế hoạch đúng hạn
• Số kế hoạch được duyệt / tổng số kế hoạch gửi
• Mức độ bám sát định hướng của Giám đốc",15%,90,,,,,,,,,T1
2,,Hoàn thành các đề xuất / chiến dịch cấp trên hoặc hỗ trợ team,,  100 ,%,"• Tỷ lệ hoàn thành công việc đúng deadline
• Số chiến dịch đạt KPI mục tiêu (>=80%).",10%,85,,,,,,,,,T1
3,,Phân bổ công việc và theo dõi công việc các bạn,,  100 ,%,"• Tỷ lệ công việc của team hoàn thành đúng tiến độ 
• Mức độ hài lòng của cấp trên và thành viên team ",10%,90,,,,,,,,,
4,,"Cập nhật thông tin, hình ảnh website KingBlue.vn",,  100 ,%,"• Tần suất cập nhật (ít nhất 2 lần/tuần).
• Độ chính xác, thẩm mỹ của nội dung",10%,100,,,,,,,,,
5,,"Liên hệ, tìm kiếm và hỗ trợ KOL/KOC",,  100 ,%,"• Số lượng KOL/KOC mới liên hệ được / tháng
• Tỷ lệ hợp tác thành công
• Mức độ hài lòng của KOL/KOC sau hợp tác",8%,100,,,,,,,,,
6,,"Báo cáo chỉ số, doanh số hợp tác KOL/KOC",,  100 ,%,"• Số liệu báo cáo đúng, đủ, đúng hạn
• Doanh số hoặc hiệu quả truyền thông đạt ≥ mục tiêu",10%,100,,,,,,,,,
7,,"Quản lí chi phí sinh hoạt, quảng cáo, xử lí các vấn đề phát sinh",,  100 ,%,"• Tỷ lệ chi đúng ngân sách kế hoạch
• Thời gian xử lý vấn đề phát sinh trung bình (≤2 ngày)",10%,90,,,,,,,,,
8,,Check thông tin và nội dung liên quan,,  100 ,%,"• Số lỗi sai nội dung / tháng (≤2).
• Mức độ chính xác, thẩm mỹ bài đăng ",7%,90,,,,,,,,,
9,,Hỗ trợ content Tiktok,,  100 ,%,"• Số video hỗ trợ / tháng
• Lượt view trung bình đạt ≥ mục tiêu ",5%,90,,,,,,,,,Vi phạm 2 lần
10,,Thực hiện công việc khác theo yêu cầu,,  100 ,%,Hoàn thành nhiệm vụ phát sinh đúng hạn. Đảm bảo đúng tiến độ yêu cầu. Mỗi ngày hoàn thành trễ trừ 10 điểm,5%,100,,,,,,,,,
II,Tuân Thủ ,,,,,,10%,,,,,,,,,,
11,,"Khả năng sáng tạo, tinh thần học hỏi, hợp tác, kĩ năng giải quyết vấn đề",,100,%,"- Có sáng kiến trong công việc; chủ động giải quyết tình huống phát sinh theo phạm vi được phân công, hợp tác và cầu tiến",5%,100,,,,,,,,,
12,,"Tuân thủ các quy định/quy trình và nội của Công ty, của phòng HCNS.",,  100 , % ,"- Tuân thủ quy định thuộc Công ty : văn hóa, tác phong, thái độ, tinh thần tập thể, nội quy, quy chế lao động, có khả năng làm việc trong điều kiện áp lực",5%,100,,,,,,,,,
TỔNG,,,,,,,100%,94,0,,,,,,,,
Cá nhân tự đánh giá (ưu/nhược điểm),,,Hoàn thành tốt công việc trong điều kiện thực tế cho phép,,,,,,,,,,,,,,
Quản lý đánh giá (ưu/nhược điểm),,,,,,,,,,,,,,,,,
,,,,,,,"Tp.HCM, ngày  01   tháng  08  năm 2026",,,,,,,,,,
,Người lao động,,,, Quản lý trực tiếp ,,,P.HCNS,,,,,,,,,
,,,,,,,,,,,,,,,,,
,,,,,,,,,,,,,,,,,
,,,,,,,,,,,,,,,,,
,,,,,,,,,,,,,,,,,
,,,,,,,,,,,,,,,,,
,,,,,,,Trần Duy Thông,,,,,,,,,,