,,Họ và Tên:,Nguyễn Hoàng Thiện,,,Vị Trí: Nhân viên Marketing (Design),,,,,,,,,,,
,,Khối: Văn Phòng,Văn phòng,,,Mã số NV: KB019,,,,,,,,,,,
,,Cấp trên Quản lý trực tiếp:,Trưởng phòng MKT,,,Ngày lập: 1/8/2026,,,,,,,,,,,
" KPI Nhân viên Marketing
Tháng 7/2026",,,,,,,,,,,,,,,,,
STT,,MỤC TIÊU,,CHỈ TIÊU,ĐVT,CHỈ SỐ KPI,TRỌNG SỐ,"QUẢN LÝ
ĐÁNH GIÁ",,,,,,,,,
I,Khối lượng công việc,,,,,,90%,,,,,,,,,,
1,Công việc định kỳ,Hoàn thành khối lượng thiết kế được giao đúng tiến độ,,  100 ,%,"• 100% thiết kế giao đúng deadline.
• Không để quá hạn >1 ngày cho bất kỳ job nào.",20%,100,,,,,,,,,T1
2,,Thiết kế banner / hình ảnh sản phẩm đúng yêu cầu và chất lượng,,  100 ,%,"• Tỷ lệ thiết kế đạt yêu cầu ngay lần đầu ≥ 90%.
• Không có banner sai nội dung hoặc sai hình ảnh.",20%,100,,,,,,,,,T1
3,,Thực hiện đầy đủ và chính xác theo Brief / yêu cầu từ cấp trên hoặc team,,  100 ,%,"• Tỷ lệ bám sát Brief ≥ 95%.
• Không bị phản hồi “làm lại do sai định hướng” quá 1 lần/tuần.",15%,95,,,,,,,,,
4,,Số lần chỉnh sửa trong phạm vi cho phép,,  100 ,%,"Chỉ số KPI:
• Mỗi thiết kế không vượt quá 2 lần chỉnh sửa.
• Nếu vượt quá do lỗi chủ quan → trừ điểm.",12%,100,,,,,,,,,
5,,Thực hiện đầy đủ Brief của Team hoặc chỉ đạo trưởng phòng cấp trên,,  100 ,%,"Chỉ số KPI:
• Mức độ hỗ trợ, phản hồi yêu cầu từ team khác ≥ 90%.
• Không có phản hồi tiêu cực về thái độ hoặc chậm hỗ trợ.",8%,100,,,,,,,,,
6,,Chủ động phối hợp và hỗ trợ team / phòng ban khác khi có yêu cầu,,  100 ,%,"Chỉ số KPI:
• Mức độ hỗ trợ, phản hồi yêu cầu từ team khác ≥ 90%.
• Không có phản hồi tiêu cực về thái độ hoặc chậm hỗ trợ.",5%,95,,,,,,,,,
7,,Kiểm soát sai sót & đảm bảo thông tin chính xác trên thiết kế,,  100 ,%,"Chỉ số KPI:
• 0 lỗi chính tả, sai logo, sai giá, sai thông tin.
• Nếu có lỗi gây ảnh hưởng đến truyền thông → trừ nặng điểm KPI tháng.",10%,100,,,,,,,,,
II,Tuân Thủ ,,,,,,10%,,,,,,,,,,
8,,"Khả năng sáng tạo, tinh thần học hỏi, hợp tác, kĩ năng giải quyết vấn đề",,100,%,"Có sáng kiến trong công việc; chủ động giải quyết tình huống phát sinh theo phạm vi được phân công, hợp tác và cầu tiến",5%,90,,,,,,,,,
9,,"Tuân thủ các quy định/quy trình và nội của Công ty, của phòng HCNS.",,  100 , % ,"Tuân thủ quy định thuộc Công ty : văn hóa, tác phong, thái độ, tinh thần tập thể, nội quy, quy chế lao động, có khả năng làm việc trong điều kiện áp lực",5%,100,,,,,,,,,
TỔNG,,,,,,,100%,99,,,,,,,,,
Cá nhân tự đánh giá (ưu/nhược điểm),,,,,,,,,,,,,,,,,
Quản lý đánh giá (ưu/nhược điểm),,,,,,,,,,,,,,,,,
,,,,,,,"Tp.HCM, ngày  01   tháng 8   năm 2026",,,,,,,,,,
,Người lao động, Quản lý trực tiếp ,, Trưởng Bộ Phận ,,,,P.HCNS,,,,,,,,,
,,,,,,,,,,,,,,,,,
,,,,,,,,,,,,,,,,,
,,,,,,,,,,,,,,,,,
,,,,,,,,,,,,,,,,,
,,,,,,,Trần Duy Thông,,,,,,,,,,