,,Họ và Tên:,Lê Thị Kiều Thương,,,Vị Trí: Nhân viên Marketing (content),,,,,,,,,,,
,,Khối: Văn Phòng,Văn phòng,,,Mã số NV: KB087,,,,,,,,,,,
,,Cấp trên Quản lý trực tiếp:,Trưởng phòng MKT,,,Ngày lập: 1/8/2026,,,,,,,,,,,
" KPI Nhân viên Marketing
Tháng 7/2026",,,,,,,,,,,,,,,,,
STT,,MỤC TIÊU,,CHỈ TIÊU,ĐVT,CHỈ SỐ KPI,TRỌNG SỐ,"QUẢN LÝ
ĐÁNH GIÁ",,,,,,,,,
I,Khối lượng công việc,,,,,,90%,,,,,,,,,,
1,Công việc định kỳ,Sản xuất & đăng tải nội dung đa kênh (TikTok / Fanpage / YouTube),,  100 ,%,"Chỉ số KPI:
• Đảm bảo đủ số lượng bài đăng/video theo kế hoạch từng tuần.
• Nội dung đạt chuẩn thương hiệu (chính tả, tone, chất lượng hình/clip).
• Không đăng trễ lịch quá 1 ngày.
• Mức độ tương tác trung bình tăng tối thiểu 10%/tháng.",20%,90,,,,,,,,,T1
2,,Sáng tạo & tối ưu nội dung truyền thông,,  100 ,%,"Chỉ số KPI:
• Nội dung bài đăng/video đạt chuẩn thương hiệu (thông điệp rõ, hình ảnh/video chất lượng).
• Không sai chính tả, sai nội dung hoặc thông tin sản phẩm.
• Tối thiểu 20% nội dung trong tháng là sáng tạo mới, không lặp lại.
• Đạt ít nhất 2 nội dung có hiệu quả cao (tương tác vượt trung bình kênh).",15%,95,,,,,,,,,T1
3,,Phối hợp Media – Quay/Chụp/Chỉnh sửa video sản phẩm,,  100 ,%,"Chỉ số KPI:
• Chủ động hỗ trợ theo lịch quay của team.
• Không quá 2 lần yêu cầu chỉnh sửa video do lỗi nội dung/brief.
• 100% clip hoàn thành đúng deadline.",10%,95,,,,,,,,,
4,,Tương tác và chăm sóc khách hàng trên các nền tảng,,  100 ,%,"Chỉ số KPI:
• Trả lời bình luận/inbox trong 24h.
• Không để khách phản hồi tiêu cực do chậm xử lý.
• Tỷ lệ phản hồi >95%.",15%,100,,,,,,,,,
5,,"Post bài, tương tác tại các hội nhóm ngành hàng KingBlue Tools",,  100 ,%,"Chỉ số KPI:
• Duy trì tần suất post/tương tác theo kế hoạch.
• Không spam, không sai tone thương hiệu.
• Đạt tối thiểu 3 bài/tháng được cộng đồng tương tác tốt (>30 lượt tương tác).",10%,95,,,,,,,,,
6,,Thực hiện & hoàn thành đề xuất của phòng / cấp trên,,  100 ,%,"Chỉ số KPI:
• 100% công việc được giao hoàn thành đúng tiến độ.
• Không bị nhắc nhở quá 1 lần/tuần về deadline hoặc chất lượng.",10%,95,,,,,,,,,
7,,Hỗ trợ team & tham gia hoạt động phát sinh,,  100 ,%,"Chỉ số KPI:
• Tham gia đầy đủ event, buổi quay, chiến dịch.
• Tinh thần phối hợp tốt, chủ động báo cáo khi có vướng mắc.",10%,95,,,,,,,,,
II,Tuân Thủ ,,,,,,10%,,,,,,,,,,
8,,"Khả năng sáng tạo, tinh thần học hỏi, hợp tác, kĩ năng giải quyết vấn đề",,100,%,"- Có sáng kiến trong công việc; chủ động giải quyết tình huống phát sinh theo phạm vi được phân công, hợp tác và cầu tiến",5%,100,,,,,,,,,
9,,"Tuân thủ các quy định/quy trình và nội của Công ty, của phòng HCNS.",,  100 , % ,"- Tuân thủ quy định thuộc Công ty : văn hóa, tác phong, thái độ, tinh thần tập thể, nội quy, quy chế lao động, có khả năng làm việc trong điều kiện áp lực",5%,90,,,,,,,,,
TỔNG,,,,,,,100%,95,,,,,,,,,
Cá nhân tự đánh giá (ưu/nhược điểm),,,,,,,,,,,,,,,,,
Quản lý đánh giá (ưu/nhược điểm),,,,,,,,,,,,,,,,,
,,,,,,,"Tp.HCM, ngày  01   tháng  08  năm 2026",,,,,,,,,,
,Người lao động, Quản lý trực tiếp ,, Trưởng Bộ Phận ,,,,P.HCNS,,,,,,,,,
,,,,,,,,,,,,,,,,,
,,,,,,,,,,,,,,,,,
,,,,,,,,,,,,,,,,,
,,,,,,,,,,,,,,,,,
,,,,,,,Trần Duy Thông,,,,,,,,,,