,,Họ và Tên:,Nguyễn Thị Thương,,,Vị Trí: Nhân viên Marketing (content),,,,,,,,,,,
,,Khối: Văn Phòng,Văn phòng,,,Mã số NV: KB073,,,,,,,,,,,
,,Cấp trên Quản lý trực tiếp:,Trưởng phòng MKT,,,Ngày lập: 1/8/2026,,,,,,,,,,,
" KPI Nhân viên Marketing
Tháng 7/2026",,,,,,,,,,,,,,,,,
STT,,MỤC TIÊU,,CHỈ TIÊU,ĐVT,CHỈ SỐ KPI,TRỌNG SỐ,"QUẢN LÝ
ĐÁNH GIÁ",,,,,,,,,
I,Khối lượng công việc,,,,,,90%,,,,,,,,,,
1,Công việc định kỳ,Sản xuất & đăng tải nội dung kênh TikTok CKO,,  100 ,%,"Chỉ số KPI:
• Đảm bảo đủ số lượng bài đăng/video theo kế hoạch từng tuần.
• Không đăng trễ quá 1 ngày so với lịch.
• Tỷ lệ video đạt >80% target view nội bộ.",15%,80,,,,,,,,,T1
2,,Sản xuất & đăng tải nội dung Instagram KingBlue,,  100 ,%,"Chỉ số KPI:
• Duy trì lịch đăng ổn định, tối thiểu X bài/tuần (theo kế hoạch MKT).
• Nội dung, caption, hashtag đúng định hướng thương hiệu.",15%,80,,,,,,,,,T1
3,,Quản lý & đăng bài Fanpage CKO,,  100 ,%,"Chỉ số KPI:
• Duy trì tần suất đăng đều theo kế hoạch.
• Không có bài sai chính tả, sai thông tin, sai sản phẩm.",10%,90,,,,,,,,,
4,,Quản lý hàng mẫu & xuất nhập tồn CKO,,  100 ,%,"Chỉ số KPI:
• Ghi chép, theo dõi hàng mẫu đầy đủ – đúng form.
• Không để thất thoát, nhầm mẫu hoặc chậm báo cáo tồn.",15%,90,,,,,,,,,
5,,"Phối hợp với Media Team (chụp, quay, edit)",,  100 ,%,"Chỉ số KPI:
• Chủ động hỗ trợ quay/chụp theo kế hoạch nội dung.
• 100% brief media được truyền đạt rõ ràng, không phát sinh chỉnh sửa do lỗi brief.",10%,100,,,,,,,,,
6,,Viết kịch bản & hỗ trợ sản xuất video nội bộ / Ads KingBlue,,  100 ,%,"Chỉ số KPI:
• Đảm bảo đúng timeline & tone thương hiệu.
• Không quá 2 lần chỉnh sửa mỗi kịch bản do lỗi chủ quan.",15%,100,,,,,,,,,
7,,Hỗ trợ team & tham gia các hoạt động phát sinh,,  100 ,%,"Chỉ số KPI:
• Tham gia đầy đủ các hoạt động quay, event, họp, chiến dịch.
• Tinh thần hợp tác, phản hồi nhanh, không bị phàn nàn về thái độ/tiến độ.",10%,95,,,,,,,,,
II,Tuân Thủ ,,,,,,10%,,,,,,,,,,
8,,"Khả năng sáng tạo, tinh thần học hỏi, hợp tác, kĩ năng giải quyết vấn đề",,100,%,"- Có sáng kiến trong công việc; chủ động giải quyết tình huống phát sinh theo phạm vi được phân công, hợp tác và cầu tiến",5%,80,,,,,,,,,
9,,"Tuân thủ các quy định/quy trình và nội của Công ty, của phòng HCNS.",,  100 , % ,"- Tuân thủ quy định thuộc Công ty : văn hóa, tác phong, thái độ, tinh thần tập thể, nội quy, quy chế lao động, có khả năng làm việc trong điều kiện áp lực",5%,100,,,,,,,,,
TỔNG,,,,,,,100%,90,,,,,,,,,
Cá nhân tự đánh giá (ưu/nhược điểm),,,,,,,,,,,,,,,,,
Quản lý đánh giá (ưu/nhược điểm),,,,,,,,,,,,,,,,,
,,,,,,,"Tp.HCM, ngày  1   tháng  8 năm 2026",,,,,,,,,,
,Người lao động, Quản lý trực tiếp ,, Trưởng Bộ Phận ,,,,P.HCNS,,,,,,,,,
,,,,,,,,,,,,,,,,,
,,,,,,,,,,,,,,,,,
,,,,,,,,,,,,,,,,,
,,,,,,,,,,,,,,,,,
,,,,,,,         Trần Duy Thông,,,,,,,,,,