,,Họ và Tên:,Huỳnh Trí Thức,,,Vị Trí: Nhân viên Marketing (Vận hành sàn TMĐT),,,,,,,,,,,
,,Khối: Văn Phòng,Văn phòng,,,Mã số NV: ,,,,,,,,,,,
,,Cấp trên Quản lý trực tiếp:,Trưởng phòng MKT,,,Ngày lập: 1/8/2026,,,,,,,,,,,
" KPI Nhân viên Marketing
Tháng 7/2026",,,,,,,,,,,,,,,,,
STT,,MỤC TIÊU,,CHỈ TIÊU,ĐVT,CHỈ SỐ KPI,TRỌNG SỐ,"QUẢN LÝ
ĐÁNH GIÁ",,,,,,,,,
I,Khối lượng công việc,,,,,,90%,,,,,,,,,,
1,Công việc định kỳ,Điểm đánh giá Shopee,,  100 ,%,"Chỉ số KPI: Điểm trung bình gian hàng ≥ 4.8/5.
Mức độ đạt:
4.8 – 5.0: 100% điểm
4.6 – 4.79: 80% điểm
<4.6: 0 điểm",15%,100,,,,,,,,,T1
2,,Điểm đánh giá TB Tiktok Shop,,  100 ,%,"Chỉ số KPI: Điểm trung bình gian hàng ≥ 4.0/5.
Mức độ đạt:
≥4.0: 100% điểm
3.8 – 3.99: 80% điểm
<3.8: 0 điểm",10%,100,,,,,,,,,T1
3,,Thực hiện đầy đủ thông tin nhập liệu đơn hàng ,,  100 ,%,"Chỉ số KPI: Tỷ lệ nhập liệu chính xác (≥98%).
Mức độ đạt:
≥98%: 100% điểm
95–97%: 80% điểm
<95%: 0 điểm",10%,90,,,,,,,,,
4,,Chịu trách nhiệm in đơn đầy đủ,,  100 ,%,Chỉ số KPI: Số đơn thiếu/in sai ≤ 1 lần/tháng.,10%,95,,,,,,,,,
5,,Tham gia chương trình khuyến mãi đầy đủ nếu cấp trên duyệt,,  100 ,%,Chỉ số KPI: Tỷ lệ tham gia chương trình được duyệt ≥ 95%.,8%,86,,,,,,,,,
6,,Tỷ lệ phản hồi chat khách hàng Shopee,,  100 ,%,"Chỉ số KPI: ≥ 90% phản hồi trong 1h đầu.
Mức độ đạt:
≥90%: 100% điểm
80–89%: 80% điểm
<80%: 0 điểm",10%,95,,,,,,,,,
7,,Tỷ lệ phản hồi khách hàng TiktokShop ,,  100 ,%,Chỉ số KPI: ≥ 90% phản hồi trong 1h đầu.,10%,100,,,,,,,,,
8,,Không bị điểm phạt Shopee trong tuần do lỗi quản trị vận hành,,  100 ,%,"Chỉ số KPI: Số lần bị phạt = 0.
Nếu bị phạt 1 lần → trừ 20 điểm KPI/tháng.",7%,95,,,,,,,,,
9,,Giải quyết vấn đề khách hàng / đơn hàng / bảo hành,,  100 ,%,"Chỉ số KPI:
100% phản hồi trong vòng 24h.
Mức độ hài lòng của khách ≥ 90%.",5%,95,,,,,,,,,
10,,Đăng sản phẩm mới công ty hoặc theo chỉ đạo cấp trên,,  100 ,%,"Chỉ số KPI:
Số lượng sản phẩm đăng đúng tiến độ ≥ 100%.
Nội dung đúng chuẩn sàn, không vi phạm quy định (0 lỗi).",5%,90,,,,,,,,,
II,Tuân Thủ ,,,,,,10%,,,,,,,,,,
11,,"Khả năng sáng tạo, tinh thần học hỏi, hợp tác, kĩ năng giải quyết vấn đề",,100,%,"- Có sáng kiến trong công việc; chủ động giải quyết tình huống phát sinh theo phạm vi được phân công, hợp tác và cầu tiến",5%,90,,,,,,,,,
12,,"Tuân thủ các quy định/quy trình và nội của Công ty, của phòng HCNS.",,  100 , % ,"- Tuân thủ quy định thuộc Công ty : văn hóa, tác phong, thái độ, tinh thần tập thể, nội quy, quy chế lao động, có khả năng làm việc trong điều kiện áp lực",5%,100,,,,,,,,,
TỔNG,,,,,,,100%,95,,,,,,,,,
Cá nhân tự đánh giá (ưu/nhược điểm),,,,,,,,,,,,,,,,,
Quản lý đánh giá (ưu/nhược điểm),,,,,,,,,,,,,,,,,
,,,,,,,"Tp.HCM, ngày 01  tháng 08  năm 2026",,,,,,,,,,
,Người lao động, Quản lý trực tiếp ,, Trưởng Bộ Phận ,,,,P.HCNS,,,,,,,,,
,,,,,,,,,,,,,,,,,
,,,,,,,,,,,,,,,,,
,,,,,,,,,,,,,,,,,
,,,,,,,,,,,,,,,,,
,,,,,,,,,,,,,,,,,
,,,,,,,Trần Duy Thông,,,,,,,,,,