,,Họ và Tên:,Nguyễn Văn Hùng,,,Vị Trí: Nhân viên Marketing (đóng gói hàng),,,,,,,,,,,
,,Khối: Văn Phòng,Văn phòng,,,Mã số NV: KB088,,,,,,,,,,,
,,Cấp trên Quản lý trực tiếp:,Trưởng phòng MKT,,,Ngày lập: 1/8/2026,,,,,,,,,,,
" KPI Nhân viên Marketing
Tháng 7/2026",,,,,,,,,,,,,,,,,
STT,,MỤC TIÊU,,CHỈ TIÊU,ĐVT,CHỈ SỐ KPI,TRỌNG SỐ,"QUẢN LÝ
ĐÁNH GIÁ",,,,,,,,,
I,Khối lượng công việc,,,,,,90%,,,,,,,,,,
1,Công việc định kỳ,Thực hiện đóng gói đơn hàng hàng ngày,,  100 ,%,"Đóng đúng, đủ sản phẩm theo phiếu giao hàng mỗi ngày.
Đảm bảo tiến độ đóng gói đúng chỉ tiêu đơn/ngày được giao.",25%,100,,,,,,,,,T1
2,,Kiểm soát chất lượng & sai sót đơn hàng,,  100 ,%,"Không để phát sinh đơn thiếu hàng / sai hàng / nhầm sản phẩm.
Kiểm tra kỹ tình trạng sản phẩm trước khi đóng gói.",20%,90,,,,,,,,,T1
3,,Theo dõi và bàn giao vận chuyển,,  100 ,%,"Phối hợp đơn vị vận chuyển để không phát sinh đơn quá hạn giao.
Theo dõi tình trạng vận đơn và hỗ trợ xử lý phát sinh khi cần.",10%,90,,,,,,,,,
4,,Vận chuyển nội bộ,,  100 ,%,"Đảm bảo hàng hóa đủ, sắp xếp gọn gàng, có tem nhãn rõ ràng.
Báo cáo kịp thời khi thiếu vật tư đóng gói, tem nhãn, bao bì.",15%,95,,,,,,,,,
5,,Vận chuyển hàng từ kho KingBlue qua Cko,,  100 ,%,Vận chuyển hàng hóa từ kho KingBlue qua kho CKO hoặc ngược lại đúng yêu cầu.,10%,99,,,,,,,,,
6,,Thực hiện công việc khác theo phân công của cấp trên,,  100 ,%,Hoàn thành nhiệm vụ phát sinh đúng hạn. Đảm bảo đúng tiến độ yêu cầu. Mỗi ngày hoàn thành trễ trừ 10 điểm,10%,90,,,,,,,,,
II,Tuân Thủ ,,,,,,10%,,,,,,,,,,
7,,"Khả năng sáng tạo, tinh thần học hỏi, hợp tác, kĩ năng giải quyết vấn đề",,100,%,"- Có sáng kiến trong công việc; chủ động giải quyết tình huống phát sinh theo phạm vi được phân công, hợp tác và cầu tiến",5%,90,,,,,,,,,
8,,"Tuân thủ các quy định/quy trình và nội của Công ty, của phòng HCNS.",,  100 , % ,"- Tuân thủ quy định thuộc Công ty : văn hóa, tác phong, thái độ, tinh thần tập thể, nội quy, quy chế lao động, có khả năng làm việc trong điều kiện áp lực",5%,90,,,,,,,,,
TỔNG,,,,,,,100%,94,,,,,,,,,
Cá nhân tự đánh giá (ưu/nhược điểm),,,,,,,,,,,,,,,,,
Quản lý đánh giá (ưu/nhược điểm),,,,,,,,,,,,,,,,,
,,,,,,,"Tp.HCM, ngày     tháng   năm 2026",,,,,,,,,,
,Người lao động, Quản lý trực tiếp ,, Trưởng Bộ Phận ,,,,P.HCNS,,,,,,,,,
,,,,,,,,,,,,,,,,,
,,,,,,,,,,,,,,,,,
,,,,,,,,,,,,,,,,,
,,,,,,,,,,,,,,,,,
,,,,,,,,,,,,,,,,,
,,,,,,,Trần Duy Thông,,,,,,,,,,